{"cameraMode":{"drawMode":0,"name":"Shaded","section":"Shading Mode"},"sceneLighting":true,"audioPlay":false,"sceneViewState":{"m_AlwaysRefresh":false,"showFog":true,"showSkybox":true,"showFlares":true,"showImageEffects":true,"showParticleSystems":true,"showVisualEffectGraphs":true,"m_FxEnabled":true},"in2DMode":false,"pivot":{"x":0.5452662706375122,"y":0.739642858505249,"z":1.4448833465576172},"rotation":{"x":0.13675610721111298,"y":0.7396349906921387,"z":-0.15811075270175935,"w":0.6397308111190796},"size":0.8724497556686401,"orthographic":false}